Key;value;Gruppe;Klasse;Einflussbereich;Bedeutung
amenity;bar;Dienstleistung, Einzelhandel, Gastronomie;Gastronomie;300;2
amenity;biergarten;Dienstleistung, Einzelhandel, Gastronomie;Gastronomie;300;2
amenity;cafe;Dienstleistung, Einzelhandel, Gastronomie;Gastronomie;300;2
amenity;fast_food;Dienstleistung, Einzelhandel, Gastronomie;Gastronomie;300;2
amenity;food_court;Dienstleistung, Einzelhandel, Gastronomie;Gastronomie;300;2
amenity;ice_cream;Dienstleistung, Einzelhandel, Gastronomie;Gastronomie;300;2
amenity;pub;Dienstleistung, Einzelhandel, Gastronomie;Gastronomie;300;2
amenity;restaurant;Dienstleistung, Einzelhandel, Gastronomie;Gastronomie;300;2
amenity;library;Oeffentliche Gebaeude;Bibliotheken & Post;300;6
amenity;archive;Oeffentliche Gebaeude;Oeffentliche Verwaltung & Buergeraemter;300;6
amenity;college;Bildungseinrichtungen;Hochschulen;400;7
amenity;kindergarten;Bildungseinrichtungen;Kindergaerten;200;7
amenity;school;Bildungseinrichtungen;weiterfuehrende Schulen;200;7
amenity;music_school;Bildungseinrichtungen;weiterfuehrende Schulen;200;7
amenity;university;Bildungseinrichtungen;Hochschulen;400;7
amenity;bicycle_rental;Dienstleistung, Einzelhandel, Gastronomie;Geschaefte;200;1
amenity;boat_rental;Dienstleistung, Einzelhandel, Gastronomie;Geschaefte;200;1
amenity;car_rental;Dienstleistung, Einzelhandel, Gastronomie;Geschaefte;200;1
amenity;bank;Dienstleistung, Einzelhandel, Gastronomie;Geschaefte;200;1
amenity;bureau_de_change;Dienstleistung, Einzelhandel, Gastronomie;Geschaefte;200;1
amenity;baby_hatch;Dienstleistung, Einzelhandel, Gastronomie;Geschaefte;200;1
amenity;clinic;Gesundheit;Praxen, Gesundheitsbedarf, Sozialeinrichtungen;300;3
amenity;dentist;Gesundheit;Praxen, Gesundheitsbedarf, Sozialeinrichtungen;300;3
amenity;doctors;Gesundheit;Praxen, Gesundheitsbedarf, Sozialeinrichtungen;300;3
amenity;hospital;Gesundheit;Krankenhaeuser;500;20
amenity;nursing_home;Wohnen;Altenpflegeheime;500;7
amenity;pharmacy;Gesundheit;Praxen, Gesundheitsbedarf, Sozialeinrichtungen;300;3
amenity;social_facility;Dienstleistung, Einzelhandel, Gastronomie;Geschaefte;200;1
amenity;verinary;Gesundheit;Praxen, Gesundheitsbedarf, Sozialeinrichtungen;300;3
amenity;blood_donation;Gesundheit;Praxen, Gesundheitsbedarf, Sozialeinrichtungen;300;3
amenity;arts_centre;Versammlungsstaetten, Sport- & Freizeit;Museen, Gebaeude mit ueberoertlicher Bedeutung;200;6
amenity;casino;Dienstleistung, Einzelhandel, Gastronomie;Geschaefte;200;1
amenity;cinema;Versammlungsstaetten, Sport- & Freizeit;Museen, Gebaeude mit ueberoertlicher Bedeutung;200;6
amenity;community_centre;Gesundheit;Praxen, Gesundheitsbedarf, Sozialeinrichtungen;300;3
amenity;gambling;Dienstleistung, Einzelhandel, Gastronomie;Geschaefte;200;1
amenity;planetarium;Versammlungsstaetten, Sport- & Freizeit;Museen, Gebaeude mit ueberoertlicher Bedeutung;200;6
amenity;social_centre;Oeffentliche Gebaeude;Oeffentliche Verwaltung & Buergeraemter;300;6
amenity;stripclub;Dienstleistung, Einzelhandel, Gastronomie;Geschaefte;200;1
amenity;theatre;Versammlungsstaetten, Sport- & Freizeit;Museen, Gebaeude mit ueberoertlicher Bedeutung;200;6
amenity;courthouse;Oeffentliche Gebaeude;Oeffentliche Verwaltung & Buergeraemter;300;6
amenity;animal_shelter;Dienstleistung, Einzelhandel, Gastronomie;Geschaefte;200;1
amenity;coworking_space;Dienstleistung, Einzelhandel, Gastronomie;Geschaefte;200;1
amenity;embassy;Oeffentliche Gebaeude;Oeffentliche Verwaltung & Buergeraemter;300;6
amenity;gym;Versammlungsstaetten, Sport- & Freizeit;Sportanlagen;200;2
amenity;internet_cafe;Dienstleistung, Einzelhandel, Gastronomie;Geschaefte;200;1
amenity;marketplace;Dienstleistung, Einzelhandel, Gastronomie;Geschaefte;200;1
amenity;place_of_worship;Versammlungsstaetten, Sport- & Freizeit;Museen, Gebaeude mit ueberoertlicher Bedeutung;200;6
amenity;police;Oeffentliche Gebaeude;Polizei & Justiz;300;3
amenity;post_office;Oeffentliche Gebaeude;Bibliotheken & Post;300;6
amenity;public_building;Oeffentliche Gebaeude;Oeffentliche Verwaltung & Buergeraemter;300;6
amenity;townhall;Oeffentliche Gebaeude;Oeffentliche Verwaltung & Buergeraemter;300;6
amenity;hotel;Versammlungsstaetten, Sport- & Freizeit;Hotels, Pensionen;300;3
amenity;retail;Dienstleistung, Einzelhandel, Gastronomie;Geschaefte;200;1
amenity;kiosk;Dienstleistung, Einzelhandel, Gastronomie;Geschaefte;200;1
amenity;social_facility;Oeffentliche Gebaeude;Oeffentliche Verwaltung & Buergeraemter;300;6
amenity;veterinary;Gesundheit;Praxen, Gesundheitsbedarf, Sozialeinrichtungen;300;3
amenity;bureau_de_change;Dienstleistung, Einzelhandel, Gastronomie;Geschaefte;200;1
amenity;driving_school;Dienstleistung, Einzelhandel, Gastronomie;Geschaefte;200;1
amenity;language_school;Bildungseinrichtungen;weiterfuehrende Schulen;200;7
amenity;ice_cream;Dienstleistung, Einzelhandel, Gastronomie;Gastronomie;300;2
amenity;dojo;Versammlungsstaetten, Sport- & Freizeit;Sportanlagen;200;2
amenity;dive_centre;Versammlungsstaetten, Sport- & Freizeit;Sportanlagen;200;2
amenity;stadium;Versammlungsstaetten, Sport- & Freizeit;Sportanlagen;200;2
amenity;casino;Dienstleistung, Einzelhandel, Gastronomie;Geschaefte;200;1
amenity;gambling;Dienstleistung, Einzelhandel, Gastronomie;Geschaefte;200;1
building;religious;Versammlungsstaetten, Sport- & Freizeit;Museen, Gebaeude mit ueberoertlicher Bedeutung;200;6
building;cathedral;Versammlungsstaetten, Sport- & Freizeit;Museen, Gebaeude mit ueberoertlicher Bedeutung;200;6
building;chapel;Versammlungsstaetten, Sport- & Freizeit;Museen, Gebaeude mit ueberoertlicher Bedeutung;200;6
building;church;Versammlungsstaetten, Sport- & Freizeit;Museen, Gebaeude mit ueberoertlicher Bedeutung;200;6
building;mosque;Versammlungsstaetten, Sport- & Freizeit;Museen, Gebaeude mit ueberoertlicher Bedeutung;200;6
building;temple;Versammlungsstaetten, Sport- & Freizeit;Museen, Gebaeude mit ueberoertlicher Bedeutung;200;6
building;synagogue;Versammlungsstaetten, Sport- & Freizeit;Museen, Gebaeude mit ueberoertlicher Bedeutung;200;6
building;shrine;Versammlungsstaetten, Sport- & Freizeit;Museen, Gebaeude mit ueberoertlicher Bedeutung;200;6
building;bakehouse;Versammlungsstaetten, Sport- & Freizeit;Geschaefte;200;1
building;kindergarten;Bildungseinrichtungen;Kindergaerten;200;7
building;hospital;Gesundheit;Krankenhaeuser;500;20
building;school;Bildungseinrichtungen;weiterfuehrende Schulen;200;7
building;stadium;Versammlungsstaetten, Sport- & Freizeit;Sportanlagen;200;2
building;train_station;Haltestellen des OPNV;SPNV-Haltestelle;500;20
building;university;Bildungseinrichtungen;Hochschulen;400;7
building;public;Oeffentliche Gebaeude;Oeffentliche Verwaltung & Buergeraemter;300;6
building;commercial;Dienstleistung, Einzelhandel, Gastronomie;Geschaefte;200;1
building;retail;Dienstleistung, Einzelhandel, Gastronomie;Geschaefte;200;1
building;mall;Dienstleistung, Einzelhandel, Gastronomie;Geschaefte;200;1
building;college;Bildungseinrichtungen;Hochschulen;400;7
building;language_school;Bildungseinrichtungen;weiterfuehrende Schulen;200;7
building;riding_hall;Versammlungsstaetten, Sport- & Freizeit;Sportanlagen;200;2
craft;agricultural_engines;Dienstleistung, Einzelhandel, Gastronomie;Geschaefte;200;1
craft;atelier;Dienstleistung, Einzelhandel, Gastronomie;Geschaefte;200;1
craft;bakery;Dienstleistung, Einzelhandel, Gastronomie;Geschaefte;200;1
craft;basket_maker;Dienstleistung, Einzelhandel, Gastronomie;Geschaefte;200;1
craft;beekeeper;Dienstleistung, Einzelhandel, Gastronomie;Geschaefte;200;1
craft;blacksmith;Dienstleistung, Einzelhandel, Gastronomie;Geschaefte;200;1
craft;boatbuilder;Dienstleistung, Einzelhandel, Gastronomie;Geschaefte;200;1
craft;bookbinder;Dienstleistung, Einzelhandel, Gastronomie;Geschaefte;200;1
craft;brewery;Dienstleistung, Einzelhandel, Gastronomie;Geschaefte;200;1
craft;builder;Dienstleistung, Einzelhandel, Gastronomie;Geschaefte;200;1
craft;cabinet_maker;Dienstleistung, Einzelhandel, Gastronomie;Geschaefte;200;1
craft;car_painter;Dienstleistung, Einzelhandel, Gastronomie;Geschaefte;200;1
craft;carpenter;Dienstleistung, Einzelhandel, Gastronomie;Geschaefte;200;1
craft;carpet_layer;Dienstleistung, Einzelhandel, Gastronomie;Geschaefte;200;1
craft;caterer;Dienstleistung, Einzelhandel, Gastronomie;Geschaefte;200;1
craft;chimney_sweeper;Dienstleistung, Einzelhandel, Gastronomie;Geschaefte;200;1
craft;cleaning;Dienstleistung, Einzelhandel, Gastronomie;Geschaefte;200;1
craft;clockmaker;Dienstleistung, Einzelhandel, Gastronomie;Geschaefte;200;1
craft;confectionery;Dienstleistung, Einzelhandel, Gastronomie;Geschaefte;200;1
craft;cooper;Dienstleistung, Einzelhandel, Gastronomie;Geschaefte;200;1
craft;dental_technician;Dienstleistung, Einzelhandel, Gastronomie;Geschaefte;200;1
craft;distillery;Dienstleistung, Einzelhandel, Gastronomie;Geschaefte;200;1
craft;door_construction;Dienstleistung, Einzelhandel, Gastronomie;Geschaefte;200;1
craft;dressmaker;Dienstleistung, Einzelhandel, Gastronomie;Geschaefte;200;1
craft;electronics_repair;Dienstleistung, Einzelhandel, Gastronomie;Geschaefte;200;1
craft;embroiderer;Dienstleistung, Einzelhandel, Gastronomie;Geschaefte;200;1
craft;electrician;Dienstleistung, Einzelhandel, Gastronomie;Geschaefte;200;1
craft;engraver;Dienstleistung, Einzelhandel, Gastronomie;Geschaefte;200;1
craft;floorer;Dienstleistung, Einzelhandel, Gastronomie;Geschaefte;200;1
craft;fruit_press;Dienstleistung, Einzelhandel, Gastronomie;Geschaefte;200;1
craft;gardener;Dienstleistung, Einzelhandel, Gastronomie;Geschaefte;200;1
craft;glaziery;Dienstleistung, Einzelhandel, Gastronomie;Geschaefte;200;1
craft;goldsmith;Dienstleistung, Einzelhandel, Gastronomie;Geschaefte;200;1
craft;grinding_mill;Dienstleistung, Einzelhandel, Gastronomie;Geschaefte;200;1
craft;handicraft;Dienstleistung, Einzelhandel, Gastronomie;Geschaefte;200;1
craft;hvac;Dienstleistung, Einzelhandel, Gastronomie;Geschaefte;200;1
craft;insulation;Dienstleistung, Einzelhandel, Gastronomie;Geschaefte;200;1
craft;interior_decorator;Dienstleistung, Einzelhandel, Gastronomie;Geschaefte;200;1
craft;interior_work;Dienstleistung, Einzelhandel, Gastronomie;Geschaefte;200;1
craft;jeweller;Dienstleistung, Einzelhandel, Gastronomie;Geschaefte;200;1
craft;joiner;Dienstleistung, Einzelhandel, Gastronomie;Geschaefte;200;1
craft;key_cutter;Dienstleistung, Einzelhandel, Gastronomie;Geschaefte;200;1
craft;locksmith;Dienstleistung, Einzelhandel, Gastronomie;Geschaefte;200;1
craft;metal_construction;Dienstleistung, Einzelhandel, Gastronomie;Geschaefte;200;1
craft;mint;Dienstleistung, Einzelhandel, Gastronomie;Geschaefte;200;1
craft;musical_instrument;Dienstleistung, Einzelhandel, Gastronomie;Geschaefte;200;1
craft;oil_mill;Dienstleistung, Einzelhandel, Gastronomie;Geschaefte;200;1
craft;optician;Dienstleistung, Einzelhandel, Gastronomie;Geschaefte;200;1
craft;organ_builder;Dienstleistung, Einzelhandel, Gastronomie;Geschaefte;200;1
craft;painter;Dienstleistung, Einzelhandel, Gastronomie;Geschaefte;200;1
craft;parquet_layer;Dienstleistung, Einzelhandel, Gastronomie;Geschaefte;200;1
craft;paver;Dienstleistung, Einzelhandel, Gastronomie;Geschaefte;200;1
craft;photographer;Dienstleistung, Einzelhandel, Gastronomie;Geschaefte;200;1
craft;photographic_laboratory;Dienstleistung, Einzelhandel, Gastronomie;Geschaefte;200;1
craft;piano_tuner;Dienstleistung, Einzelhandel, Gastronomie;Geschaefte;200;1
craft;plasterer;Dienstleistung, Einzelhandel, Gastronomie;Geschaefte;200;1
craft;plumber;Dienstleistung, Einzelhandel, Gastronomie;Geschaefte;200;1
craft;pottery;Dienstleistung, Einzelhandel, Gastronomie;Geschaefte;200;1
craft;printer;Dienstleistung, Einzelhandel, Gastronomie;Geschaefte;200;1
craft;printmaker;Dienstleistung, Einzelhandel, Gastronomie;Geschaefte;200;1
craft;rigger;Dienstleistung, Einzelhandel, Gastronomie;Geschaefte;200;1
craft;roofer;Dienstleistung, Einzelhandel, Gastronomie;Geschaefte;200;1
craft;saddler;Dienstleistung, Einzelhandel, Gastronomie;Geschaefte;200;1
craft;sailmaker;Dienstleistung, Einzelhandel, Gastronomie;Geschaefte;200;1
craft;sawmill;Dienstleistung, Einzelhandel, Gastronomie;Geschaefte;200;1
craft;scaffolder;Dienstleistung, Einzelhandel, Gastronomie;Geschaefte;200;1
craft;sculptor;Dienstleistung, Einzelhandel, Gastronomie;Geschaefte;200;1
craft;shoemaker;Dienstleistung, Einzelhandel, Gastronomie;Geschaefte;200;1
craft;signmaker;Dienstleistung, Einzelhandel, Gastronomie;Geschaefte;200;1
craft;stand_builder;Dienstleistung, Einzelhandel, Gastronomie;Geschaefte;200;1
craft;stonemason;Dienstleistung, Einzelhandel, Gastronomie;Geschaefte;200;1
craft;stove_fitter;Dienstleistung, Einzelhandel, Gastronomie;Geschaefte;200;1
craft;sun_protection;Dienstleistung, Einzelhandel, Gastronomie;Geschaefte;200;1
craft;tailor;Dienstleistung, Einzelhandel, Gastronomie;Geschaefte;200;1
craft;tiler;Dienstleistung, Einzelhandel, Gastronomie;Geschaefte;200;1
craft;tinsmith;Dienstleistung, Einzelhandel, Gastronomie;Geschaefte;200;1
craft;toolmaker;Dienstleistung, Einzelhandel, Gastronomie;Geschaefte;200;1
craft;turner;Dienstleistung, Einzelhandel, Gastronomie;Geschaefte;200;1
craft;upholsterer;Dienstleistung, Einzelhandel, Gastronomie;Geschaefte;200;1
craft;watchmaker;Dienstleistung, Einzelhandel, Gastronomie;Geschaefte;200;1
craft;water_well_drilling;Dienstleistung, Einzelhandel, Gastronomie;Geschaefte;200;1
craft;window_construction;Dienstleistung, Einzelhandel, Gastronomie;Geschaefte;200;1
craft;winery;Dienstleistung, Einzelhandel, Gastronomie;Geschaefte;200;1
emergency;ambulance_station;Gesundheit;Krankenhaeuser;500;20
landuse;school;Bildungseinrichtungen;weiterfuehrende Schulen;200;7
landuse;university;Bildungseinrichtungen;Hochschulen;400;7
landuse;college;Bildungseinrichtungen;Hochschulen;400;7
landuse;kindergarten;Bildungseinrichtungen;Kindergaerten;200;7
leisure;adult_gaming_centre;Versammlungsstaetten, Sport- & Freizeit;Sportanlagen;200;2
leisure;amusement_arcade;Versammlungsstaetten, Sport- & Freizeit;Sportanlagen;200;2
leisure;dance;Versammlungsstaetten, Sport- & Freizeit;Sportanlagen;200;2
leisure;fitness_centre;Versammlungsstaetten, Sport- & Freizeit;Sportanlagen;200;2
leisure;swimming_pool;Versammlungsstaetten, Sport- & Freizeit;Sportanlagen;200;2
leisure;water_park;Versammlungsstaetten, Sport- & Freizeit;Sportanlagen;200;2
office;lawyer;Dienstleistung, Einzelhandel, Gastronomie;Geschaefte;200;1
office;therapist;Dienstleistung, Einzelhandel, Gastronomie;Geschaefte;200;1
office;travel_agent;Dienstleistung, Einzelhandel, Gastronomie;Geschaefte;200;1
office;real_estate_agent;Dienstleistung, Einzelhandel, Gastronomie;Geschaefte;200;1
office;accountant;Dienstleistung, Einzelhandel, Gastronomie;Geschaefte;200;1
office;administrative;Dienstleistung, Einzelhandel, Gastronomie;Geschaefte;200;1
office;advertising_agency;Dienstleistung, Einzelhandel, Gastronomie;Geschaefte;200;1
office;architect;Dienstleistung, Einzelhandel, Gastronomie;Geschaefte;200;1
office;association;Dienstleistung, Einzelhandel, Gastronomie;Geschaefte;200;1
office;chamber;Dienstleistung, Einzelhandel, Gastronomie;Geschaefte;200;1
office;charity;Dienstleistung, Einzelhandel, Gastronomie;Geschaefte;200;1
office;company;Dienstleistung, Einzelhandel, Gastronomie;Geschaefte;200;1
office;construction_company;Dienstleistung, Einzelhandel, Gastronomie;Geschaefte;200;1
office;consulting;Dienstleistung, Einzelhandel, Gastronomie;Geschaefte;200;1
office;courier;Dienstleistung, Einzelhandel, Gastronomie;Geschaefte;200;1
office;coworking;Dienstleistung, Einzelhandel, Gastronomie;Geschaefte;200;1
office;diplomatic;Dienstleistung, Einzelhandel, Gastronomie;Geschaefte;200;1
office;educational_institution;Dienstleistung, Einzelhandel, Gastronomie;Geschaefte;200;1
office;employment_agency;Dienstleistung, Einzelhandel, Gastronomie;Geschaefte;200;1
office;energy_supplier;Dienstleistung, Einzelhandel, Gastronomie;Geschaefte;200;1
office;engineer;Dienstleistung, Einzelhandel, Gastronomie;Geschaefte;200;1
office;estate_agent;Dienstleistung, Einzelhandel, Gastronomie;Geschaefte;200;1
office;financial;Dienstleistung, Einzelhandel, Gastronomie;Geschaefte;200;1
office;financial_advisor;Dienstleistung, Einzelhandel, Gastronomie;Geschaefte;200;1
office;forestry;Dienstleistung, Einzelhandel, Gastronomie;Geschaefte;200;1
office;foundation;Dienstleistung, Einzelhandel, Gastronomie;Geschaefte;200;1
office;geodesist;Dienstleistung, Einzelhandel, Gastronomie;Geschaefte;200;1
office;government;Dienstleistung, Einzelhandel, Gastronomie;Geschaefte;200;1
office;graphic_design;Dienstleistung, Einzelhandel, Gastronomie;Geschaefte;200;1
office;guide;Dienstleistung, Einzelhandel, Gastronomie;Geschaefte;200;1
office;harbour_master;Dienstleistung, Einzelhandel, Gastronomie;Geschaefte;200;1
office;insurance;Dienstleistung, Einzelhandel, Gastronomie;Geschaefte;200;1
office;it;Dienstleistung, Einzelhandel, Gastronomie;Geschaefte;200;1
office;logistics;Dienstleistung, Einzelhandel, Gastronomie;Geschaefte;200;1
office;moving_company;Dienstleistung, Einzelhandel, Gastronomie;Geschaefte;200;1
office;newspaper;Dienstleistung, Einzelhandel, Gastronomie;Geschaefte;200;1
office;ngo;Dienstleistung, Einzelhandel, Gastronomie;Geschaefte;200;1
office;notary;Dienstleistung, Einzelhandel, Gastronomie;Geschaefte;200;1
office;politician;Dienstleistung, Einzelhandel, Gastronomie;Geschaefte;200;1
office;political_party;Dienstleistung, Einzelhandel, Gastronomie;Geschaefte;200;1
office;property_management;Dienstleistung, Einzelhandel, Gastronomie;Geschaefte;200;1
office;publisher;Dienstleistung, Einzelhandel, Gastronomie;Geschaefte;200;1
office;quango;Dienstleistung, Einzelhandel, Gastronomie;Geschaefte;200;1
office;religion;Dienstleistung, Einzelhandel, Gastronomie;Geschaefte;200;1
office;research;Dienstleistung, Einzelhandel, Gastronomie;Geschaefte;200;1
office;security;Dienstleistung, Einzelhandel, Gastronomie;Geschaefte;200;1
office;surveyor;Dienstleistung, Einzelhandel, Gastronomie;Geschaefte;200;1
office;tax_advisor;Dienstleistung, Einzelhandel, Gastronomie;Geschaefte;200;1
office;telecommunication;Dienstleistung, Einzelhandel, Gastronomie;Geschaefte;200;1
office;tutoring;Dienstleistung, Einzelhandel, Gastronomie;Geschaefte;200;1
office;union;Oeffentliche Gebaeude;Oeffentliche Verwaltung & Buergeraemter;300;6
office;visa;Oeffentliche Gebaeude;Oeffentliche Verwaltung & Buergeraemter;300;6
shop;hairdresser;Dienstleistung, Einzelhandel, Gastronomie;Geschaefte;200;1
shop;massage;Dienstleistung, Einzelhandel, Gastronomie;Geschaefte;200;1
shop;tattoo;Dienstleistung, Einzelhandel, Gastronomie;Geschaefte;200;1
shop;solarium;Dienstleistung, Einzelhandel, Gastronomie;Geschaefte;200;1
shop;bakery;Dienstleistung, Einzelhandel, Gastronomie;Geschaefte;200;1
shop;beverages;Dienstleistung, Einzelhandel, Gastronomie;Geschaefte;200;1
shop;butcher;Dienstleistung, Einzelhandel, Gastronomie;Geschaefte;200;1
shop;dairy;Dienstleistung, Einzelhandel, Gastronomie;Geschaefte;200;1
shop;pastry;Dienstleistung, Einzelhandel, Gastronomie;Geschaefte;200;1
shop;convenience;Dienstleistung, Einzelhandel, Gastronomie;Geschaefte;200;1
shop;department_store;Dienstleistung, Einzelhandel, Gastronomie;Geschaefte;200;1
shop;general;Dienstleistung, Einzelhandel, Gastronomie;Geschaefte;200;1
shop;kiosk;Dienstleistung, Einzelhandel, Gastronomie;Geschaefte;200;1
shop;mall;Dienstleistung, Einzelhandel, Gastronomie;Geschaefte;200;1
shop;supermarket;Dienstleistung, Einzelhandel, Gastronomie;grossflaechiger Einzelhandel;300;10
shop;organic;Dienstleistung, Einzelhandel, Gastronomie;Geschaefte;200;1
shop;greengrocer;Dienstleistung, Einzelhandel, Gastronomie;Geschaefte;200;1
shop;alcohol;Dienstleistung, Einzelhandel, Gastronomie;Geschaefte;200;1
shop;brewing_supplies;Dienstleistung, Einzelhandel, Gastronomie;Geschaefte;200;1
shop;cheese;Dienstleistung, Einzelhandel, Gastronomie;Geschaefte;200;1
shop;chocolate;Dienstleistung, Einzelhandel, Gastronomie;Geschaefte;200;1
shop;coffee;Dienstleistung, Einzelhandel, Gastronomie;Geschaefte;200;1
shop;confectionery;Dienstleistung, Einzelhandel, Gastronomie;Geschaefte;200;1
shop;deli;Dienstleistung, Einzelhandel, Gastronomie;Geschaefte;200;1
shop;farm;Dienstleistung, Einzelhandel, Gastronomie;Geschaefte;200;1
shop;frozen_food;Dienstleistung, Einzelhandel, Gastronomie;Geschaefte;200;1
shop;communication;Dienstleistung, Einzelhandel, Gastronomie;Geschaefte;200;1
shop;health_food;Dienstleistung, Einzelhandel, Gastronomie;Geschaefte;200;1
shop;ice_cream;Dienstleistung, Einzelhandel, Gastronomie;Geschaefte;200;1
shop;pasta;Dienstleistung, Einzelhandel, Gastronomie;Geschaefte;200;1
shop;seafood;Dienstleistung, Einzelhandel, Gastronomie;Geschaefte;200;1
shop;spices;Dienstleistung, Einzelhandel, Gastronomie;Geschaefte;200;1
shop;tea;Dienstleistung, Einzelhandel, Gastronomie;Geschaefte;200;1
shop;water;Dienstleistung, Einzelhandel, Gastronomie;Geschaefte;200;1
shop;wholesale;Dienstleistung, Einzelhandel, Gastronomie;Geschaefte;200;1
shop;baby_goods;Dienstleistung, Einzelhandel, Gastronomie;Geschaefte;200;1
shop;bag;Dienstleistung, Einzelhandel, Gastronomie;Geschaefte;200;1
shop;boutique;Dienstleistung, Einzelhandel, Gastronomie;Geschaefte;200;1
shop;clothes;Dienstleistung, Einzelhandel, Gastronomie;Geschaefte;200;1
shop;fabric;Dienstleistung, Einzelhandel, Gastronomie;Geschaefte;200;1
shop;fashion;Dienstleistung, Einzelhandel, Gastronomie;Geschaefte;200;1
shop;jewelry;Dienstleistung, Einzelhandel, Gastronomie;Geschaefte;200;1
shop;leather;Dienstleistung, Einzelhandel, Gastronomie;Geschaefte;200;1
shop;sewing;Dienstleistung, Einzelhandel, Gastronomie;Geschaefte;200;1
shop;shoes;Dienstleistung, Einzelhandel, Gastronomie;Geschaefte;200;1
shop;tailor;Dienstleistung, Einzelhandel, Gastronomie;Geschaefte;200;1
shop;watches;Dienstleistung, Einzelhandel, Gastronomie;Geschaefte;200;1
shop;charity;Dienstleistung, Einzelhandel, Gastronomie;Geschaefte;200;1
shop;second_hand;Dienstleistung, Einzelhandel, Gastronomie;Geschaefte;200;1
shop;variety_stroe;Dienstleistung, Einzelhandel, Gastronomie;Geschaefte;200;1
shop;beauty;Dienstleistung, Einzelhandel, Gastronomie;Geschaefte;200;1
shop;chemist;Dienstleistung, Einzelhandel, Gastronomie;Geschaefte;200;1
shop;cosmetics;Dienstleistung, Einzelhandel, Gastronomie;Geschaefte;200;1
shop;erotic;Dienstleistung, Einzelhandel, Gastronomie;Geschaefte;200;1
shop;hairdresser_supply;Dienstleistung, Einzelhandel, Gastronomie;Geschaefte;200;1
shop;hearing_aids;Dienstleistung, Einzelhandel, Gastronomie;Geschaefte;200;1
shop;herbalist;Dienstleistung, Einzelhandel, Gastronomie;Geschaefte;200;1
shop;medical_supply;Dienstleistung, Einzelhandel, Gastronomie;Geschaefte;200;1
shop;nutrition_supplements;Dienstleistung, Einzelhandel, Gastronomie;Geschaefte;200;1
shop;optician;Dienstleistung, Einzelhandel, Gastronomie;Geschaefte;200;1
shop;perfumery;Dienstleistung, Einzelhandel, Gastronomie;Geschaefte;200;1
shop;agrarian;Dienstleistung, Einzelhandel, Gastronomie;Geschaefte;200;1
shop;bathroom_furnishing;Dienstleistung, Einzelhandel, Gastronomie;Geschaefte;200;1
shop;doityourself;Dienstleistung, Einzelhandel, Gastronomie;Geschaefte;200;1
shop;electrical;Dienstleistung, Einzelhandel, Gastronomie;Geschaefte;200;1
shop;energy;Dienstleistung, Einzelhandel, Gastronomie;Geschaefte;200;1
shop;fireplace;Dienstleistung, Einzelhandel, Gastronomie;Geschaefte;200;1
shop;florist;Dienstleistung, Einzelhandel, Gastronomie;Geschaefte;200;1
shop;garden_centre;Dienstleistung, Einzelhandel, Gastronomie;Geschaefte;200;1
shop;garden_furniture;Dienstleistung, Einzelhandel, Gastronomie;Geschaefte;200;1
shop;gas;Dienstleistung, Einzelhandel, Gastronomie;Geschaefte;200;1
shop;glaziery;Dienstleistung, Einzelhandel, Gastronomie;Geschaefte;200;1
shop;hardware;Dienstleistung, Einzelhandel, Gastronomie;Geschaefte;200;1
shop;houseware;Dienstleistung, Einzelhandel, Gastronomie;Geschaefte;200;1
shop;locksmith;Dienstleistung, Einzelhandel, Gastronomie;Geschaefte;200;1
shop;paint;Dienstleistung, Einzelhandel, Gastronomie;Geschaefte;200;1
shop;security;Dienstleistung, Einzelhandel, Gastronomie;Geschaefte;200;1
shop;trade;Dienstleistung, Einzelhandel, Gastronomie;Geschaefte;200;1
shop;antiques;Dienstleistung, Einzelhandel, Gastronomie;Geschaefte;200;1
shop;bed;Dienstleistung, Einzelhandel, Gastronomie;Geschaefte;200;1
shop;candles;Dienstleistung, Einzelhandel, Gastronomie;Geschaefte;200;1
shop;carpet;Dienstleistung, Einzelhandel, Gastronomie;Geschaefte;200;1
shop;curtain;Dienstleistung, Einzelhandel, Gastronomie;Geschaefte;200;1
shop;doors;Dienstleistung, Einzelhandel, Gastronomie;Geschaefte;200;1
shop;flooring;Dienstleistung, Einzelhandel, Gastronomie;Geschaefte;200;1
shop;furniture;Dienstleistung, Einzelhandel, Gastronomie;Geschaefte;200;1
shop;interior_decoration;Dienstleistung, Einzelhandel, Gastronomie;Geschaefte;200;1
shop;kitchen;Dienstleistung, Einzelhandel, Gastronomie;Geschaefte;200;1
shop;lamps;Dienstleistung, Einzelhandel, Gastronomie;Geschaefte;200;1
shop;tiles;Dienstleistung, Einzelhandel, Gastronomie;Geschaefte;200;1
shop;window_blind;Dienstleistung, Einzelhandel, Gastronomie;Geschaefte;200;1
shop;computer;Dienstleistung, Einzelhandel, Gastronomie;Geschaefte;200;1
shop;robot;Dienstleistung, Einzelhandel, Gastronomie;Geschaefte;200;1
shop;electronics;Dienstleistung, Einzelhandel, Gastronomie;Geschaefte;200;1
shop;hifi;Dienstleistung, Einzelhandel, Gastronomie;Geschaefte;200;1
shop;mobile_phone;Dienstleistung, Einzelhandel, Gastronomie;Geschaefte;200;1
shop;radiotechnics;Dienstleistung, Einzelhandel, Gastronomie;Geschaefte;200;1
shop;vacuum_cleaner;Dienstleistung, Einzelhandel, Gastronomie;Geschaefte;200;1
shop;atv;Dienstleistung, Einzelhandel, Gastronomie;Geschaefte;200;1
shop;bicycle;Dienstleistung, Einzelhandel, Gastronomie;Geschaefte;200;1
shop;boat;Dienstleistung, Einzelhandel, Gastronomie;Geschaefte;200;1
shop;car;Dienstleistung, Einzelhandel, Gastronomie;Geschaefte;200;1
shop;car_repair;Dienstleistung, Einzelhandel, Gastronomie;Geschaefte;200;1
shop;car_parts;Dienstleistung, Einzelhandel, Gastronomie;Geschaefte;200;1
shop;fuel;Dienstleistung, Einzelhandel, Gastronomie;Geschaefte;200;1
shop;fishing;Dienstleistung, Einzelhandel, Gastronomie;Geschaefte;200;1
shop;free_flying;Dienstleistung, Einzelhandel, Gastronomie;Geschaefte;200;1
shop;hunting;Dienstleistung, Einzelhandel, Gastronomie;Geschaefte;200;1
shop;jetski;Dienstleistung, Einzelhandel, Gastronomie;Geschaefte;200;1
shop;motorcycle;Dienstleistung, Einzelhandel, Gastronomie;Geschaefte;200;1
shop;outdoor;Dienstleistung, Einzelhandel, Gastronomie;Geschaefte;200;1
shop;scuba_diving;Dienstleistung, Einzelhandel, Gastronomie;Geschaefte;200;1
shop;ski;Dienstleistung, Einzelhandel, Gastronomie;Geschaefte;200;1
shop;snowmobile;Dienstleistung, Einzelhandel, Gastronomie;Geschaefte;200;1
shop;sports;Dienstleistung, Einzelhandel, Gastronomie;Geschaefte;200;1
shop;swimming_pool;Versammlungsstaetten, Sport- & Freizeit;Sportanlagen;200;2
shop;tyres;Dienstleistung, Einzelhandel, Gastronomie;Geschaefte;200;1
shop;art;Dienstleistung, Einzelhandel, Gastronomie;Geschaefte;200;1
shop;collector;Dienstleistung, Einzelhandel, Gastronomie;Geschaefte;200;1
shop;craft;Dienstleistung, Einzelhandel, Gastronomie;Geschaefte;200;1
shop;frame;Dienstleistung, Einzelhandel, Gastronomie;Geschaefte;200;1
shop;games;Dienstleistung, Einzelhandel, Gastronomie;Geschaefte;200;1
shop;model;Dienstleistung, Einzelhandel, Gastronomie;Geschaefte;200;1
shop;music;Dienstleistung, Einzelhandel, Gastronomie;Geschaefte;200;1
shop;musical_instrument;Dienstleistung, Einzelhandel, Gastronomie;Geschaefte;200;1
shop;photo;Dienstleistung, Einzelhandel, Gastronomie;Geschaefte;200;1
shop;camera;Dienstleistung, Einzelhandel, Gastronomie;Geschaefte;200;1
shop;trophy;Dienstleistung, Einzelhandel, Gastronomie;Geschaefte;200;1
shop;video;Dienstleistung, Einzelhandel, Gastronomie;Geschaefte;200;1
shop;video_games;Dienstleistung, Einzelhandel, Gastronomie;Geschaefte;200;1
shop;anime;Dienstleistung, Einzelhandel, Gastronomie;Geschaefte;200;1
shop;books;Dienstleistung, Einzelhandel, Gastronomie;Geschaefte;200;1
shop;gift;Dienstleistung, Einzelhandel, Gastronomie;Geschaefte;200;1
shop;lottery;Dienstleistung, Einzelhandel, Gastronomie;Geschaefte;200;1
shop;newsagent;Dienstleistung, Einzelhandel, Gastronomie;Geschaefte;200;1
shop;stationery;Dienstleistung, Einzelhandel, Gastronomie;Geschaefte;200;1
shop;ticket;Dienstleistung, Einzelhandel, Gastronomie;Geschaefte;200;1
shop;bookmaker;Dienstleistung, Einzelhandel, Gastronomie;Geschaefte;200;1
shop;copyshop;Dienstleistung, Einzelhandel, Gastronomie;Geschaefte;200;1
shop;dry_cleaning;Dienstleistung, Einzelhandel, Gastronomie;Geschaefte;200;1
shop;e-cigarette;Dienstleistung, Einzelhandel, Gastronomie;Geschaefte;200;1
shop;funeral_directors;Dienstleistung, Einzelhandel, Gastronomie;Geschaefte;200;1
shop;laundry;Dienstleistung, Einzelhandel, Gastronomie;Geschaefte;200;1
shop;money_lender;Dienstleistung, Einzelhandel, Gastronomie;Geschaefte;200;1
shop;party;Dienstleistung, Einzelhandel, Gastronomie;Geschaefte;200;1
shop;pawnbroker;Dienstleistung, Einzelhandel, Gastronomie;Geschaefte;200;1
shop;pet;Dienstleistung, Einzelhandel, Gastronomie;Geschaefte;200;1
shop;pyrotechnics;Dienstleistung, Einzelhandel, Gastronomie;Geschaefte;200;1
shop;religion;Dienstleistung, Einzelhandel, Gastronomie;Geschaefte;200;1
shop;storage_rental;Dienstleistung, Einzelhandel, Gastronomie;Geschaefte;200;1
shop;tobacco;Dienstleistung, Einzelhandel, Gastronomie;Geschaefte;200;1
shop;toys;Dienstleistung, Einzelhandel, Gastronomie;Geschaefte;200;1
shop;travel_agency;Dienstleistung, Einzelhandel, Gastronomie;Geschaefte;200;1
shop;weapons;Dienstleistung, Einzelhandel, Gastronomie;Geschaefte;200;1
shop;art_supplies;Dienstleistung, Einzelhandel, Gastronomie;Geschaefte;200;1
shop;duty_free;Dienstleistung, Einzelhandel, Gastronomie;Geschaefte;200;1
shop;wine;Dienstleistung, Einzelhandel, Gastronomie;Geschaefte;200;1
shop;fashion_accessories;Dienstleistung, Einzelhandel, Gastronomie;Geschaefte;200;1
shop;wool;Dienstleistung, Einzelhandel, Gastronomie;Geschaefte;200;1
shop;variety_store;Dienstleistung, Einzelhandel, Gastronomie;Geschaefte;200;1
shop;appliance;Dienstleistung, Einzelhandel, Gastronomie;Geschaefte;200;1
shop;groundskeeping;Dienstleistung, Einzelhandel, Gastronomie;Geschaefte;200;1
shop;pottery;Dienstleistung, Einzelhandel, Gastronomie;Geschaefte;200;1
shop;windows;Dienstleistung, Einzelhandel, Gastronomie;Geschaefte;200;1
shop;household_linen;Dienstleistung, Einzelhandel, Gastronomie;Geschaefte;200;1
shop;lighting;Dienstleistung, Einzelhandel, Gastronomie;Geschaefte;200;1
shop;telecommunication;Dienstleistung, Einzelhandel, Gastronomie;Geschaefte;200;1
shop;caravan;Dienstleistung, Einzelhandel, Gastronomie;Geschaefte;200;1
shop;golf;Dienstleistung, Einzelhandel, Gastronomie;Geschaefte;200;1
shop;military_surplus;Dienstleistung, Einzelhandel, Gastronomie;Geschaefte;200;1
shop;swimming_pool;Dienstleistung, Einzelhandel, Gastronomie;Geschaefte;200;1
shop;trailer;Dienstleistung, Einzelhandel, Gastronomie;Geschaefte;200;1
shop;cannabis;Dienstleistung, Einzelhandel, Gastronomie;Geschaefte;200;1
shop;insurance;Dienstleistung, Einzelhandel, Gastronomie;Geschaefte;200;1
shop;outpost;Dienstleistung, Einzelhandel, Gastronomie;Geschaefte;200;1
shop;pest_control;Dienstleistung, Einzelhandel, Gastronomie;Geschaefte;200;1
shop;pet_grooming;Dienstleistung, Einzelhandel, Gastronomie;Geschaefte;200;1
shop;vacant;Dienstleistung, Einzelhandel, Gastronomie;Geschaefte;200;1
tourism;aquarium;Versammlungsstaetten, Sport- & Freizeit;Museen, Gebaeude mit ueberoertlicher Bedeutung;200;6
tourism;camp_site;Versammlungsstaetten, Sport- & Freizeit;Hotels, Pensionen;300;3
tourism;caravan_site;Versammlungsstaetten, Sport- & Freizeit;Hotels, Pensionen;300;3
tourism;chalet;Versammlungsstaetten, Sport- & Freizeit;Hotels, Pensionen;300;3
tourism;gallery;Versammlungsstaetten, Sport- & Freizeit;Museen, Gebaeude mit ueberoertlicher Bedeutung;200;6
tourism;hostel;Versammlungsstaetten, Sport- & Freizeit;Hotels, Pensionen;300;3
tourism;hotel;Versammlungsstaetten, Sport- & Freizeit;Hotels, Pensionen;300;3
tourism;motel;Versammlungsstaetten, Sport- & Freizeit;Hotels, Pensionen;300;3
tourism;museum;Versammlungsstaetten, Sport- & Freizeit;Museen, Gebaeude mit ueberoertlicher Bedeutung;200;6
tourism;theme_park;Versammlungsstaetten, Sport- & Freizeit;Spielplaetze;200;2
tourism;zoo;Versammlungsstaetten, Sport- & Freizeit;Museen, Gebaeude mit ueberoertlicher Bedeutung;200;6
tourism;alpine_hut;Dienstleistung, Einzelhandel, Gastronomie;Geschaefte;200;1
leisure;disc_golf_course;Versammlungsstaetten, Sport- & Freizeit;Sportanlagen;200;2
sport;fitness;Versammlungsstaetten, Sport- & Freizeit;Sportanlagen;200;2
leisure;fitness_centre;Versammlungsstaetten, Sport- & Freizeit;Sportanlagen;200;2
leisure;horse_riding;Versammlungsstaetten, Sport- & Freizeit;Sportanlagen;200;2
leisure;ice_rink;Versammlungsstaetten, Sport- & Freizeit;Sportanlagen;200;2
leisure;miniature_golf;Versammlungsstaetten, Sport- & Freizeit;Sportanlagen;200;2
sport;exercise;Versammlungsstaetten, Sport- & Freizeit;Sportanlagen;200;2
sport;laser_tag;Versammlungsstaetten, Sport- & Freizeit;Sportanlagen;200;2
leisure;pitch;Versammlungsstaetten, Sport- & Freizeit;Sportanlagen;200;2
leisure;playground;Versammlungsstaetten, Sport- & Freizeit;Spielplaetze;200;2
leisure;sports_centre;Versammlungsstaetten, Sport- & Freizeit;Sportanlagen;200;2
leisure;water_park;Versammlungsstaetten, Sport- & Freizeit;Spielplaetze;200;2
leisure;adult_gaming_centre;Versammlungsstaetten, Sport- & Freizeit;Sportanlagen;200;2
leisure;amusement_arcade;Versammlungsstaetten, Sport- & Freizeit;Spielplaetze;200;4
leisure;stadium;Versammlungsstaetten, Sport- & Freizeit;Sportanlagen;200;2
sport;9pin;Versammlungsstaetten, Sport- & Freizeit;Sportanlagen;200;2
sport;10pin;Versammlungsstaetten, Sport- & Freizeit;Sportanlagen;200;2
sport;american_football;Versammlungsstaetten, Sport- & Freizeit;Sportanlagen;200;2
sport;aikido;Versammlungsstaetten, Sport- & Freizeit;Sportanlagen;200;2
sport;archery;Versammlungsstaetten, Sport- & Freizeit;Sportanlagen;200;2
sport;athletics;Versammlungsstaetten, Sport- & Freizeit;Sportanlagen;200;2
sport;australian_football;Versammlungsstaetten, Sport- & Freizeit;Sportanlagen;200;2
sport;badminton;Versammlungsstaetten, Sport- & Freizeit;Sportanlagen;200;2
sport;bandy;Versammlungsstaetten, Sport- & Freizeit;Sportanlagen;200;2
sport;base;Versammlungsstaetten, Sport- & Freizeit;Sportanlagen;200;2
sport;baseball;Versammlungsstaetten, Sport- & Freizeit;Sportanlagen;200;2
sport;basketball;Versammlungsstaetten, Sport- & Freizeit;Sportanlagen;200;2
sport;beachvolleyball;Versammlungsstaetten, Sport- & Freizeit;Sportanlagen;200;2
sport;billiards;Versammlungsstaetten, Sport- & Freizeit;Sportanlagen;200;2
sport;bmx;Versammlungsstaetten, Sport- & Freizeit;Sportanlagen;200;2
sport;bobsleigh;Versammlungsstaetten, Sport- & Freizeit;Sportanlagen;200;2
sport;boules;Versammlungsstaetten, Sport- & Freizeit;Sportanlagen;200;2
sport;bowls;Versammlungsstaetten, Sport- & Freizeit;Sportanlagen;200;2
sport;boxing;Versammlungsstaetten, Sport- & Freizeit;Sportanlagen;200;2
sport;bullfighting;Versammlungsstaetten, Sport- & Freizeit;Sportanlagen;200;2
sport;canadian_football;Versammlungsstaetten, Sport- & Freizeit;Sportanlagen;200;2
sport;canoe;Versammlungsstaetten, Sport- & Freizeit;Sportanlagen;200;2
sport;chess;Versammlungsstaetten, Sport- & Freizeit;Sportanlagen;200;2
sport;cliff_diving;Versammlungsstaetten, Sport- & Freizeit;Sportanlagen;200;2
sport;climbing;Versammlungsstaetten, Sport- & Freizeit;Sportanlagen;200;2
sport;climbing_adventure;Versammlungsstaetten, Sport- & Freizeit;Sportanlagen;200;2
sport;cockfighting;Versammlungsstaetten, Sport- & Freizeit;Sportanlagen;200;2
sport;cricket;Versammlungsstaetten, Sport- & Freizeit;Sportanlagen;200;2
sport;cricket_nets;Versammlungsstaetten, Sport- & Freizeit;Sportanlagen;200;2
sport;croquet;Versammlungsstaetten, Sport- & Freizeit;Sportanlagen;200;2
sport;curling;Versammlungsstaetten, Sport- & Freizeit;Sportanlagen;200;2
sport;cycling;Versammlungsstaetten, Sport- & Freizeit;Sportanlagen;200;2
sport;darts;Versammlungsstaetten, Sport- & Freizeit;Sportanlagen;200;2
sport;diving;Versammlungsstaetten, Sport- & Freizeit;Sportanlagen;200;2
sport;dog_racing;Versammlungsstaetten, Sport- & Freizeit;Sportanlagen;200;2
sport;equestrian;Versammlungsstaetten, Sport- & Freizeit;Sportanlagen;200;2
sport;fencing;Versammlungsstaetten, Sport- & Freizeit;Sportanlagen;200;2
sport;field_hockey;Versammlungsstaetten, Sport- & Freizeit;Sportanlagen;200;2
sport;football;Versammlungsstaetten, Sport- & Freizeit;Sportanlagen;200;2
sport;free_flying;Versammlungsstaetten, Sport- & Freizeit;Sportanlagen;200;2
sport;gaelic_games;Versammlungsstaetten, Sport- & Freizeit;Sportanlagen;200;2
sport;golf;Versammlungsstaetten, Sport- & Freizeit;Sportanlagen;200;2
sport;gymnastics;Versammlungsstaetten, Sport- & Freizeit;Sportanlagen;200;2
sport;handball;Versammlungsstaetten, Sport- & Freizeit;Sportanlagen;200;2
sport;hapkido;Versammlungsstaetten, Sport- & Freizeit;Sportanlagen;200;2
sport;hockey;Versammlungsstaetten, Sport- & Freizeit;Sportanlagen;200;2
sport;horseshoes;Versammlungsstaetten, Sport- & Freizeit;Sportanlagen;200;2
sport;horse_racing;Versammlungsstaetten, Sport- & Freizeit;Sportanlagen;200;2
sport;ice_hockey;Versammlungsstaetten, Sport- & Freizeit;Sportanlagen;200;2
sport;ice_skating;Versammlungsstaetten, Sport- & Freizeit;Sportanlagen;200;2
sport;ice_stock;Versammlungsstaetten, Sport- & Freizeit;Sportanlagen;200;2
sport;judo;Versammlungsstaetten, Sport- & Freizeit;Sportanlagen;200;2
sport;karting;Versammlungsstaetten, Sport- & Freizeit;Sportanlagen;200;2
sport;kitesurfing;Versammlungsstaetten, Sport- & Freizeit;Sportanlagen;200;2
sport;korfball;Versammlungsstaetten, Sport- & Freizeit;Sportanlagen;200;2
sport;martial_arts;Versammlungsstaetten, Sport- & Freizeit;Sportanlagen;200;2
sport;model_aerodrome;Versammlungsstaetten, Sport- & Freizeit;Sportanlagen;200;2
sport;motocross;Versammlungsstaetten, Sport- & Freizeit;Sportanlagen;200;2
sport;motor;Versammlungsstaetten, Sport- & Freizeit;Sportanlagen;200;2
sport;multi;Versammlungsstaetten, Sport- & Freizeit;Sportanlagen;200;2
sport;netball;Versammlungsstaetten, Sport- & Freizeit;Sportanlagen;200;2
sport;obstacle_course;Versammlungsstaetten, Sport- & Freizeit;Sportanlagen;200;2
sport;orienteering;Versammlungsstaetten, Sport- & Freizeit;Sportanlagen;200;2
sport;paddle_tennis;Versammlungsstaetten, Sport- & Freizeit;Sportanlagen;200;2
sport;parachuting;Versammlungsstaetten, Sport- & Freizeit;Sportanlagen;200;2
sport;paragliding;Versammlungsstaetten, Sport- & Freizeit;Sportanlagen;200;2
sport;pelota;Versammlungsstaetten, Sport- & Freizeit;Sportanlagen;200;2
sport;racquet;Versammlungsstaetten, Sport- & Freizeit;Sportanlagen;200;2
sport;rc_car;Versammlungsstaetten, Sport- & Freizeit;Sportanlagen;200;2
sport;roller_skating;Versammlungsstaetten, Sport- & Freizeit;Sportanlagen;200;2
sport;rowing;Versammlungsstaetten, Sport- & Freizeit;Sportanlagen;200;2
sport;rugby_league;Versammlungsstaetten, Sport- & Freizeit;Sportanlagen;200;2
sport;rugby_union;Versammlungsstaetten, Sport- & Freizeit;Sportanlagen;200;2
sport;running;Versammlungsstaetten, Sport- & Freizeit;Sportanlagen;200;2
sport;safety_training;Versammlungsstaetten, Sport- & Freizeit;Sportanlagen;200;2
sport;sailing;Versammlungsstaetten, Sport- & Freizeit;Sportanlagen;200;2
sport;scuba_diving;Versammlungsstaetten, Sport- & Freizeit;Sportanlagen;200;2
sport;shooting;Versammlungsstaetten, Sport- & Freizeit;Sportanlagen;200;2
sport;skating;Versammlungsstaetten, Sport- & Freizeit;Sportanlagen;200;2
sport;skateboard;Versammlungsstaetten, Sport- & Freizeit;Sportanlagen;200;2
sport;skiing;Versammlungsstaetten, Sport- & Freizeit;Sportanlagen;200;2
sport;soccer;Versammlungsstaetten, Sport- & Freizeit;Sportanlagen;200;2
sport;sumo;Versammlungsstaetten, Sport- & Freizeit;Sportanlagen;200;2
sport;surfing;Versammlungsstaetten, Sport- & Freizeit;Sportanlagen;200;2
sport;swimming;Versammlungsstaetten, Sport- & Freizeit;Sportanlagen;200;2
sport;table_tennis;Versammlungsstaetten, Sport- & Freizeit;Sportanlagen;200;2
sport;table_soccer;Versammlungsstaetten, Sport- & Freizeit;Sportanlagen;200;2
sport;taekwondo;Versammlungsstaetten, Sport- & Freizeit;Sportanlagen;200;2
sport;tennis;Versammlungsstaetten, Sport- & Freizeit;Sportanlagen;200;2
sport;toboggan;Versammlungsstaetten, Sport- & Freizeit;Sportanlagen;200;2
sport;trampoline;Versammlungsstaetten, Sport- & Freizeit;Sportanlagen;200;2
sport;ultralight_aviation;Versammlungsstaetten, Sport- & Freizeit;Sportanlagen;200;2
sport;volleyball;Versammlungsstaetten, Sport- & Freizeit;Sportanlagen;200;2
sport;water_polo;Versammlungsstaetten, Sport- & Freizeit;Sportanlagen;200;2
sport;water_ski;Versammlungsstaetten, Sport- & Freizeit;Sportanlagen;200;2
sport;weightlifting;Versammlungsstaetten, Sport- & Freizeit;Sportanlagen;200;2
sport;wrestling;Versammlungsstaetten, Sport- & Freizeit;Sportanlagen;200;2
sport;yoga;Versammlungsstaetten, Sport- & Freizeit;Sportanlagen;200;2
healthcare;alternative;Gesundheit;Praxen, Gesundheitsbedarf, Sozialeinrichtungen;300;3
healthcare;audiologist;Gesundheit;Praxen, Gesundheitsbedarf, Sozialeinrichtungen;300;3
healthcare;birthing_centre;Gesundheit;Praxen, Gesundheitsbedarf, Sozialeinrichtungen;300;3
healthcare;blood_bank;Gesundheit;Praxen, Gesundheitsbedarf, Sozialeinrichtungen;300;3
healthcare;blood_donation;Gesundheit;Praxen, Gesundheitsbedarf, Sozialeinrichtungen;300;3
healthcare;counselling;Gesundheit;Praxen, Gesundheitsbedarf, Sozialeinrichtungen;300;3
healthcare;dialysis;Gesundheit;Praxen, Gesundheitsbedarf, Sozialeinrichtungen;300;3
healthcare;hospice;Gesundheit;Praxen, Gesundheitsbedarf, Sozialeinrichtungen;300;3
healthcare;laboratory;Gesundheit;Praxen, Gesundheitsbedarf, Sozialeinrichtungen;300;3
healthcare;midwife;Gesundheit;Praxen, Gesundheitsbedarf, Sozialeinrichtungen;300;3
healthcare;nurse;Gesundheit;Praxen, Gesundheitsbedarf, Sozialeinrichtungen;300;3
healthcare;occupational_therapist;Gesundheit;Praxen, Gesundheitsbedarf, Sozialeinrichtungen;300;3
healthcare;optometrist;Gesundheit;Praxen, Gesundheitsbedarf, Sozialeinrichtungen;300;3
healthcare;physiotherapist;Gesundheit;Praxen, Gesundheitsbedarf, Sozialeinrichtungen;300;3
healthcare;podiatrist;Gesundheit;Praxen, Gesundheitsbedarf, Sozialeinrichtungen;300;3
healthcare;psychotherapist;Gesundheit;Praxen, Gesundheitsbedarf, Sozialeinrichtungen;300;3
healthcare;rehabilitation;Gesundheit;Praxen, Gesundheitsbedarf, Sozialeinrichtungen;300;3
healthcare;sample_collection;Gesundheit;Praxen, Gesundheitsbedarf, Sozialeinrichtungen;300;3
healthcare;speech_therapist;Gesundheit;Praxen, Gesundheitsbedarf, Sozialeinrichtungen;300;3
healthcare;vaccination_centre;Gesundheit;Praxen, Gesundheitsbedarf, Sozialeinrichtungen;300;3
shop;bicycle_shop;Dienstleistung, Einzelhandel, Gastronomie;Geschaefte;200;1
shop;outdoor_shop;Dienstleistung, Einzelhandel, Gastronomie;Geschaefte;200;1
amenity;car_sharing;Dienstleistung, Einzelhandel, Gastronomie;Geschaefte;200;1
shop;bookshop;Dienstleistung, Einzelhandel, Gastronomie;Geschaefte;200;1
shop;shoe_shop;Dienstleistung, Einzelhandel, Gastronomie;Geschaefte;200;1
shop;recycling_clothes;Dienstleistung, Einzelhandel, Gastronomie;Geschaefte;200;1
shop;toy_shop;Dienstleistung, Einzelhandel, Gastronomie;Geschaefte;200;1
shop;furniture_shop;Dienstleistung, Einzelhandel, Gastronomie;Geschaefte;200;1
shop;computer_shop;Dienstleistung, Einzelhandel, Gastronomie;Geschaefte;200;1
tourism;guesthouse;Versammlungsstaetten, Sport- & Freizeit;Hotels, Pensionen;300;3
shop;mobile_phone_shop;Dienstleistung, Einzelhandel, Gastronomie;Geschaefte;200;1
shop;beauty_shop;Dienstleistung, Einzelhandel, Gastronomie;Geschaefte;200;1
shop;gift_shop;Dienstleistung, Einzelhandel, Gastronomie;Geschaefte;200;1
shop;sports_shop;Dienstleistung, Einzelhandel, Gastronomie;Geschaefte;200;1
amenity;market_place;Dienstleistung, Einzelhandel, Gastronomie;Geschaefte;200;1
amenity;town_hall;Oeffentliche Gebaeude;Oeffentliche Verwaltung & Buergeraemter;300;6
shop;video_shop;Dienstleistung, Einzelhandel, Gastronomie;Geschaefte;200;1
amenity;doctor;Gesundheit;Praxen, Gesundheitsbedarf, Sozialeinrichtungen;300;3
healthcare;centre;Gesundheit;Praxen, Gesundheitsbedarf, Sozialeinrichtungen;300;3
highway;bus_stop;Haltestellen des OPNV;Bushaltestelle;300;10
railway;tram_stop;Haltestellen des OPNV;Strassenbahnhaltestelle;300;15
railway;station;Haltestellen des OPNV;SPNV-Haltestelle;500;20
sport;fighting;Versammlungsstaetten, Sport- & Freizeit;Sportanlagen;200;2
sport;"billiards;darts";Versammlungsstaetten, Sport- & Freizeit;Sportanlagen;200;2
sport;squash;Versammlungsstaetten, Sport- & Freizeit;Sportanlagen;200;2
sport;"fitness;kickboxing";Versammlungsstaetten, Sport- & Freizeit;Sportanlagen;200;2
sport;"cycling;running";Versammlungsstaetten, Sport- & Freizeit;Sportanlagen;200;2
sport;"cycling;running";Versammlungsstaetten, Sport- & Freizeit;Sportanlagen;200;2
sport;combat_sport;Versammlungsstaetten, Sport- & Freizeit;Sportanlagen;200;2
sport;fighting;Versammlungsstaetten, Sport- & Freizeit;Sportanlagen;200;2
sport;dog_agility;Versammlungsstaetten, Sport- & Freizeit;Sportanlagen;200;2
sport;brazilian_jiu-jitsu;Versammlungsstaetten, Sport- & Freizeit;Sportanlagen;200;2
